<?xml version="1.0" encoding="UTF-8"?>
<mhs_usm>
    <profile>
        <nim>G.211.00.0001</nim>
        <nama>Antok Triatmojo</nama>
        <alamat>Jl. Puspowarno no.10 RT.2/ RW.11</alamat>
    </profile>
    <profile>
        <nim>G.211.00.0002</nim>
        <nama>Bernadet</nama>
        <alamat>Jl. Rorojongrang no.3 RT.5/RW.5</alamat>
    </profile>
    <profile>
        <nim>G.211.00.0003</nim>
        <nama>Slamet</nama>
        <alamat>Jl. Suratmo Raya KM.12</alamat>
    </profile>
</mhs_usm>